Time,Voltage(V),Current(A),Power(W),Leakage Current(mA),total_forward_energy(kWh),price(DZD)
2025-08-12 22:30:01,355.92,7.68,24.2,0,16.6,88.53719999999998
2025-08-12 22:30:11,343.12,7.68,22.2,0,16.6,88.53719999999998
2025-08-12 22:30:21,358.48,7.68,21.2,0,16.6,88.53719999999998
2025-08-12 22:30:31,373.84,7.68,20.2,0,16.6,88.53719999999998
2025-08-12 22:30:41,373.84,7.68,20.2,0,16.6,88.53719999999998
2025-08-12 22:30:52,368.72,7.68,20.2,0,16.6,88.53719999999998
2025-08-12 22:31:02,389.2,7.68,20.2,0,16.6,88.53719999999998
2025-08-12 22:31:12,384.08,7.68,20.2,0,16.6,88.53719999999998
2025-08-12 22:31:22,389.2,7.68,20.2,0,16.6,88.53719999999998
2025-08-12 22:31:33,396.88,7.68,20.2,0,16.6,88.53719999999998
2025-08-12 22:31:43,384.08,7.68,20.2,0,16.6,88.53719999999998
2025-08-12 22:31:53,371.28,7.68,20.2,0,16.6,88.53719999999998
2025-08-12 22:32:03,384.08,7.68,20.2,0,16.6,88.53719999999998
2025-08-12 22:32:13,368.72,7.68,20.2,0,16.6,88.53719999999998
2025-08-12 22:32:23,363.6,7.68,20.2,0,16.6,88.53719999999998
2025-08-12 22:32:34,378.96,7.68,20.2,0,16.6,88.53719999999998
2025-08-12 22:32:44,373.84,7.68,20.2,0,16.6,88.53719999999998
2025-08-12 22:32:54,391.76,7.68,20.2,0,16.6,88.53719999999998
2025-08-12 22:33:04,391.76,7.68,19.2,0,16.61,88.53719999999998
2025-08-12 22:33:14,404.56,7.68,19.2,0,16.61,88.53719999999998
2025-08-12 22:33:24,399.44,7.68,19.2,0,16.61,88.53719999999998
2025-08-12 22:33:34,386.64,7.68,22.2,0,16.61,88.53719999999998
2025-08-12 22:33:44,389.2,7.68,22.2,0,16.61,88.53719999999998
2025-08-12 22:33:55,396.88,7.68,22.2,0,16.61,88.53719999999998
2025-08-12 22:34:05,402.0,7.68,22.2,0,16.61,88.53719999999998
2025-08-12 22:34:15,402.0,7.68,21.2,0,16.61,88.53719999999998
2025-08-12 22:34:25,384.08,7.68,22.2,0,16.61,88.53719999999998
2025-08-12 22:34:35,378.96,7.68,23.2,0,16.61,88.53719999999998
2025-08-12 22:34:45,386.64,7.68,22.2,0,16.61,88.53719999999998
2025-08-12 22:34:55,394.32,7.68,22.2,0,16.61,88.53719999999998
2025-08-12 22:35:06,391.76,7.68,22.2,0,16.61,88.53719999999998
2025-08-12 22:35:16,404.56,7.68,22.2,0,16.61,88.53719999999998
2025-08-12 22:35:26,396.88,7.68,22.2,0,16.61,88.53719999999998
2025-08-12 22:35:36,396.88,7.68,22.2,0,16.61,88.53719999999998
2025-08-12 22:35:46,394.32,7.68,22.2,0,16.61,88.53719999999998
2025-08-12 22:35:56,394.32,7.68,22.2,0,16.61,88.53719999999998
2025-08-12 22:36:07,391.76,7.68,22.2,0,16.61,88.53719999999998
2025-08-12 22:36:17,378.96,7.68,22.2,0,16.62,88.53719999999998
2025-08-12 22:36:27,386.64,7.68,22.2,0,16.62,88.53719999999998
2025-08-12 22:36:37,389.2,7.68,21.2,0,16.62,88.53719999999998
2025-08-12 22:36:47,402.0,7.68,21.2,0,16.62,88.53719999999998
2025-08-12 22:36:57,396.88,7.68,21.2,0,16.62,88.53719999999998
2025-08-12 22:37:08,394.32,7.68,21.2,0,16.62,88.53719999999998
2025-08-12 22:37:18,391.76,7.68,22.2,0,16.62,88.53719999999998
2025-08-12 22:37:28,391.76,7.68,22.2,0,16.62,88.53719999999998
2025-08-12 22:37:38,363.6,7.68,24.2,0,16.62,88.53719999999998
2025-08-12 22:37:48,384.08,7.68,21.2,0,16.62,88.53719999999998
2025-08-12 22:37:58,335.44,7.68,25.2,0,16.62,88.53719999999998
2025-08-12 22:38:08,391.76,7.68,22.2,0,16.62,88.53719999999998
2025-08-12 22:38:18,350.8,7.68,23.2,0,16.62,88.53719999999998
2025-08-12 22:38:29,363.6,7.68,25.2,0,16.62,88.53719999999998
2025-08-12 22:38:39,381.52,7.68,24.2,0,16.62,88.53719999999998
2025-08-12 22:38:49,368.72,7.68,24.2,0,16.62,88.53719999999998
2025-08-12 22:38:59,378.96,7.68,21.2,0,16.62,88.53719999999998
2025-08-12 22:39:09,373.84,7.68,21.2,0,16.63,88.53719999999998
2025-08-12 22:39:19,391.76,7.68,22.2,0,16.63,88.53719999999998
2025-08-12 22:39:29,378.96,7.68,22.2,0,16.63,88.53719999999998
2025-08-12 22:39:40,381.52,7.68,21.2,0,16.63,88.53719999999998
2025-08-12 22:39:50,389.2,7.68,22.2,0,16.63,88.53719999999998
2025-08-12 22:40:00,396.88,7.68,22.2,0,16.63,88.53719999999998
2025-08-12 22:40:10,381.52,7.68,22.2,0,16.63,88.53719999999998
2025-08-12 22:40:20,381.52,7.68,22.2,0,16.63,88.53719999999998
2025-08-12 22:40:30,389.2,7.68,22.2,0,16.63,88.53719999999998
2025-08-12 22:40:40,363.6,7.68,22.2,0,16.63,88.53719999999998
2025-08-12 22:40:50,376.4,7.68,22.2,0,16.63,88.53719999999998
2025-08-12 22:41:01,366.16,7.68,22.2,0,16.63,88.53719999999998
2025-08-12 22:41:11,376.4,7.68,22.2,0,16.63,88.53719999999998
2025-08-12 22:41:21,366.16,7.68,22.2,0,16.63,88.53719999999998
2025-08-12 22:41:31,378.96,7.68,22.2,0,16.63,88.53719999999998
2025-08-12 22:41:41,384.08,7.68,22.2,0,16.63,88.53719999999998
2025-08-12 22:41:51,373.84,7.68,22.2,0,16.63,88.53719999999998
2025-08-12 22:42:02,366.16,7.68,22.2,0,16.63,88.53719999999998
2025-08-12 22:42:12,371.28,7.68,22.2,0,16.63,88.53719999999998
2025-08-12 22:42:22,373.84,7.68,22.2,0,16.64,88.53719999999998
2025-08-12 22:42:32,381.52,10.24,19.6,0,16.64,88.53719999999998
2025-08-12 22:42:42,389.2,10.24,20.6,0,16.64,88.53719999999998
2025-08-12 22:42:52,389.2,10.24,21.6,0,16.64,88.53719999999998
2025-08-12 22:43:03,404.56,10.24,20.6,0,16.64,88.53719999999998
2025-08-12 22:43:13,399.44,10.24,20.6,0,16.64,88.53719999999998
2025-08-12 22:43:23,363.6,10.24,22.6,0,16.64,88.53719999999998
2025-08-12 22:43:33,386.64,10.24,20.6,0,16.64,88.53719999999998
2025-08-12 22:43:43,386.64,10.24,20.6,0,16.64,88.53719999999998
2025-08-12 22:43:53,384.08,10.24,20.6,0,16.64,88.53719999999998
2025-08-12 22:44:04,373.84,10.24,20.6,0,16.64,88.53719999999998
2025-08-12 22:44:14,348.24,10.24,23.6,0,16.64,88.53719999999998
2025-08-12 22:44:24,384.08,10.24,20.6,0,16.64,88.53719999999998
2025-08-12 22:44:34,384.08,10.24,20.6,0,16.65,88.53719999999998
2025-08-12 22:44:44,378.96,10.24,21.6,0,16.65,88.53719999999998
2025-08-12 22:44:54,378.96,10.24,20.6,0,16.65,88.53719999999998
2025-08-12 22:45:05,381.52,10.24,19.6,0,16.65,88.53719999999998
2025-08-12 22:45:15,389.2,10.24,20.6,0,16.65,88.53719999999998
2025-08-12 22:45:25,376.4,10.24,20.6,0,16.65,88.53719999999998
2025-08-12 22:45:35,371.28,10.24,20.6,0,16.65,88.53719999999998
2025-08-12 22:45:45,358.48,10.24,21.6,0,16.65,88.53719999999998
2025-08-12 22:45:55,355.92,12.8,14.0,0,16.65,88.53719999999998
2025-08-12 22:46:05,355.92,12.8,21.0,0,16.65,88.53719999999998
2025-08-12 22:46:15,363.6,12.8,22.0,0,16.65,88.53719999999998
2025-08-12 22:46:26,361.04,20.48,15.2,0,16.65,88.53719999999998
2025-08-12 22:46:36,358.48,20.48,14.2,0,16.65,88.53719999999998
2025-08-12 22:46:46,376.4,20.48,16.2,0,16.66,88.53719999999998
2025-08-12 22:46:56,363.6,20.48,15.2,0,16.66,88.53719999999998
2025-08-12 22:47:06,353.36,20.48,15.2,0,16.66,88.53719999999998
2025-08-12 22:47:16,345.68,20.48,12.2,0,16.66,88.53719999999998
2025-08-12 22:47:27,350.8,20.48,14.2,0,16.66,88.53719999999998
2025-08-12 22:47:37,350.8,20.48,14.2,0,16.66,88.53719999999998
2025-08-12 22:47:47,348.24,20.48,13.2,0,16.66,88.53719999999998
2025-08-12 22:47:57,345.68,20.48,14.2,0,16.66,88.53719999999998
2025-08-12 22:48:07,343.12,20.48,14.2,0,16.66,88.53719999999998
2025-08-12 22:48:17,327.76,20.48,15.2,0,16.67,88.53719999999998
2025-08-12 22:48:27,338.0,20.48,14.2,0,16.67,88.53719999999998
2025-08-12 22:48:37,317.52,23.04,4.6,0,16.67,88.53719999999998
2025-08-12 22:48:48,348.24,20.48,12.2,0,16.67,88.53719999999998
2025-08-12 22:48:58,368.72,20.48,11.2,0,16.67,88.53719999999998
2025-08-12 22:49:08,363.6,20.48,12.2,0,16.67,88.53719999999998
2025-08-12 22:49:18,366.16,20.48,13.2,0,16.67,88.53719999999998
2025-08-12 22:49:28,376.4,20.48,12.2,0,16.67,88.53719999999998
2025-08-12 22:49:38,368.72,20.48,11.2,0,16.67,88.53719999999998
2025-08-12 22:49:48,376.4,20.48,10.2,0,16.67,88.53719999999998
2025-08-12 22:49:59,355.92,20.48,13.2,0,16.68,88.53719999999998
2025-08-12 22:50:09,391.76,20.48,7.2,0,16.68,88.53719999999998
2025-08-12 22:50:19,373.84,20.48,12.2,0,16.68,88.53719999999998
2025-08-12 22:50:29,394.32,20.48,10.2,0,16.68,88.53719999999998
2025-08-12 22:50:39,394.32,20.48,9.2,0,16.68,88.53719999999998
2025-08-12 22:50:49,389.2,20.48,10.2,0,16.68,88.53719999999998
2025-08-12 22:51:00,394.32,20.48,9.2,0,16.68,88.53719999999998
2025-08-12 22:51:10,389.2,20.48,6.2,0,16.68,88.53719999999998
2025-08-12 22:51:20,407.12,20.48,9.2,0,16.68,88.53719999999998
2025-08-12 22:51:30,409.68,20.48,10.2,0,16.69,88.53719999999998
2025-08-12 22:51:40,396.88,20.48,8.2,0,16.69,88.53719999999998
2025-08-12 22:51:50,396.88,20.48,8.2,0,16.69,88.53719999999998
2025-08-12 22:52:00,399.44,20.48,8.2,0,16.69,88.53719999999998
2025-08-12 22:52:11,373.84,51.2,5.0,0,16.69,88.53719999999998
2025-08-12 22:52:21,368.72,51.2,5.0,0,16.69,88.53719999999998
2025-08-12 22:52:31,389.2,51.2,6.0,0,16.7,88.53719999999998
2025-08-12 22:52:41,391.76,51.2,5.0,0,16.7,88.53719999999998
2025-08-12 22:52:51,355.92,51.2,4.0,0,16.7,88.53719999999998
2025-08-12 22:53:01,353.36,51.2,3.0,0,16.71,88.53719999999998
2025-08-12 22:53:12,361.04,51.2,2.0,0,16.71,88.53719999999998
2025-08-12 22:53:22,353.36,51.2,1.0,0,16.71,88.53719999999998
2025-08-12 22:53:32,338.0,51.2,1.0,0,16.72,88.53719999999998
2025-08-12 22:53:42,358.48,51.2,1.0,0,16.72,88.53719999999998
2025-08-12 22:53:52,353.36,51.2,2.0,0,16.72,88.53719999999998
2025-08-12 22:54:02,366.16,51.2,1.0,0,16.73,88.53719999999998
2025-08-12 22:54:12,366.16,51.2,1.0,0,16.73,88.53719999999998
2025-08-12 22:54:23,366.16,51.2,0.0,0,16.73,88.53719999999998
2025-08-12 22:54:33,373.84,51.2,0.0,0,16.73,88.53719999999998
2025-08-12 22:54:43,381.52,51.2,0.0,0,16.74,88.53719999999998
2025-08-12 22:54:53,384.08,51.2,0.0,0,16.74,88.53719999999998
2025-08-12 22:55:03,417.36,20.48,9.2,0,16.74,88.53719999999998
2025-08-12 22:55:14,412.24,20.48,8.2,0,16.74,88.53719999999998
2025-08-12 22:55:24,419.92,20.48,7.2,0,16.74,88.53719999999998
2025-08-12 22:55:34,407.12,20.48,6.2,0,16.75,88.53719999999998
2025-08-12 22:55:44,409.68,20.48,6.2,0,16.75,88.53719999999998
2025-08-12 22:55:54,399.44,20.48,1.2,0,16.75,88.53719999999998
2025-08-12 22:56:04,412.24,20.48,6.2,0,16.75,88.53719999999998
2025-08-12 22:56:15,432.72,20.48,6.2,0,16.75,88.53719999999998
2025-08-12 22:56:25,450.64,20.48,6.2,0,16.75,88.53719999999998
2025-08-12 22:56:35,458.32,20.48,4.2,0,16.75,88.53719999999998
2025-08-12 22:56:45,458.32,20.48,4.2,0,16.75,88.53719999999998
2025-08-12 22:56:55,440.4,20.48,5.2,0,16.75,88.53719999999998
2025-08-12 22:57:05,440.4,20.48,5.2,0,16.75,88.53719999999998
2025-08-12 22:57:16,440.4,20.48,5.2,0,16.76,88.53719999999998
2025-08-12 22:57:26,453.2,20.48,6.2,0,16.76,88.53719999999998
2025-08-12 22:57:36,445.52,20.48,6.2,0,16.76,88.53719999999998
2025-08-12 22:57:46,460.88,20.48,6.2,0,16.76,88.53719999999998
2025-08-12 22:57:56,442.96,20.48,5.2,0,16.76,88.53719999999998
2025-08-12 22:58:06,430.16,20.48,2.2,0,16.76,88.53719999999998
2025-08-12 22:58:17,414.8,20.48,5.2,0,16.76,88.53719999999998
2025-08-12 22:58:27,425.04,20.48,5.2,0,16.76,88.53719999999998
2025-08-12 22:58:37,425.04,20.48,6.2,0,16.77,88.53719999999998
2025-08-12 22:58:47,430.16,20.48,5.2,0,16.77,88.53719999999998
2025-08-12 22:58:57,440.4,20.48,5.2,0,16.77,88.53719999999998
2025-08-12 22:59:08,442.96,20.48,5.2,0,16.77,88.53719999999998
2025-08-12 22:59:18,437.84,20.48,6.2,0,16.77,88.53719999999998
2025-08-12 22:59:28,435.28,20.48,6.2,0,16.77,88.53719999999998
2025-08-12 22:59:38,427.6,20.48,4.2,0,16.77,88.53719999999998
2025-08-12 22:59:48,412.24,20.48,5.2,0,16.77,88.53719999999998
2025-08-12 22:59:59,440.4,17.92,24.8,0,16.77,88.53719999999998
2025-08-12 23:00:09,432.72,20.48,1.2,0,16.77,88.53719999999998
2025-08-12 23:00:19,430.16,20.48,10.2,0,16.78,88.53719999999998
2025-08-12 23:00:29,417.36,20.48,6.2,0,16.78,88.53719999999998
2025-08-12 23:00:40,414.8,17.92,24.8,0,16.78,88.53719999999998
2025-08-12 23:00:50,422.48,17.92,24.8,0,16.78,88.53719999999998
2025-08-12 23:01:00,386.64,20.48,1.2,0,16.78,88.53719999999998
2025-08-12 23:01:10,378.96,20.48,5.2,0,16.78,88.53719999999998
2025-08-12 23:01:20,389.2,20.48,4.2,0,16.78,88.53719999999998
2025-08-12 23:01:31,404.56,20.48,5.2,0,16.78,88.53719999999998
2025-08-12 23:01:41,396.88,20.48,6.2,0,16.78,88.53719999999998
2025-08-12 23:01:51,414.8,20.48,5.2,0,16.78,88.53719999999998
2025-08-12 23:02:01,417.36,20.48,5.2,0,16.79,88.53719999999998
2025-08-12 23:02:12,396.88,20.48,6.2,0,16.79,88.53719999999998
2025-08-12 23:02:22,394.32,17.92,24.8,0,16.79,88.53719999999998
2025-08-12 23:02:32,432.72,17.92,24.8,0,16.79,88.53719999999998
2025-08-12 23:02:42,445.52,17.92,24.8,0,16.79,88.53719999999998
2025-08-12 23:02:52,440.4,17.92,23.8,0,16.79,88.53719999999998
2025-08-12 23:03:03,448.08,17.92,24.8,0,16.79,88.53719999999998
2025-08-12 23:03:13,440.4,20.48,4.2,0,16.79,88.53719999999998
2025-08-12 23:03:23,442.96,20.48,4.2,0,16.79,88.53719999999998
2025-08-12 23:03:33,448.08,20.48,1.2,0,16.8,88.53719999999998
2025-08-12 23:03:44,437.84,20.48,12.2,0,16.8,88.53719999999998
2025-08-12 23:03:54,435.28,20.48,12.2,0,16.8,88.53719999999998
2025-08-12 23:04:04,425.04,20.48,25.2,0,16.8,88.53719999999998
2025-08-12 23:04:14,425.04,23.04,3.6,0,16.8,88.53719999999998
2025-08-12 23:04:24,432.72,23.04,2.6,0,16.8,88.53719999999998
2025-08-12 23:04:34,427.6,20.48,16.2,0,16.8,88.53719999999998
2025-08-12 23:04:44,419.92,20.48,13.2,0,16.8,88.53719999999998
2025-08-12 23:04:54,432.72,20.48,2.2,0,16.8,88.53719999999998
2025-08-12 23:05:05,422.48,17.92,22.8,0,16.81,88.53719999999998
2025-08-12 23:05:15,422.48,17.92,22.8,0,16.81,88.53719999999998
2025-08-12 23:05:25,417.36,20.48,4.2,0,16.81,88.53719999999998
2025-08-12 23:05:35,412.24,17.92,22.8,0,16.81,88.53719999999998
2025-08-12 23:05:45,417.36,17.92,23.8,0,16.81,88.53719999999998
2025-08-12 23:05:55,422.48,17.92,24.8,0,16.81,88.53719999999998
2025-08-12 23:06:05,414.8,17.92,22.8,0,16.81,88.53719999999998
2025-08-12 23:06:15,425.04,17.92,24.8,0,16.81,88.53719999999998
2025-08-12 23:06:26,414.8,20.48,11.2,0,16.81,88.53719999999998
2025-08-12 23:06:36,414.8,20.48,10.2,0,16.82,88.53719999999998
2025-08-12 23:06:46,425.04,17.92,23.8,0,16.82,88.53719999999998
2025-08-12 23:06:56,430.16,20.48,5.2,0,16.82,88.53719999999998
2025-08-12 23:07:06,435.28,20.48,7.2,0,16.82,88.53719999999998
2025-08-12 23:07:16,440.4,20.48,1.2,0,16.82,88.53719999999998
2025-08-12 23:07:26,412.24,20.48,7.2,0,16.82,88.53719999999998
2025-08-12 23:07:37,414.8,20.48,18.2,0,16.82,88.53719999999998
2025-08-12 23:07:47,425.04,20.48,3.2,0,16.82,88.53719999999998
2025-08-12 23:07:57,414.8,20.48,3.2,0,16.82,88.53719999999998
2025-08-12 23:08:07,417.36,17.92,23.8,0,16.82,88.53719999999998
2025-08-12 23:08:17,396.88,20.48,3.2,0,16.83,88.53719999999998
2025-08-12 23:08:27,407.12,17.92,22.8,0,16.83,88.53719999999998
2025-08-12 23:08:37,407.12,17.92,22.8,0,16.83,88.53719999999998
2025-08-12 23:08:47,412.24,15.36,6.4,0,16.83,88.53719999999998
2025-08-12 23:08:57,412.24,15.36,7.4,0,16.83,88.53719999999998
2025-08-12 23:09:08,425.04,15.36,10.4,0,16.83,88.53719999999998
2025-08-12 23:09:18,407.12,15.36,10.4,0,16.83,88.53719999999998
2025-08-12 23:09:28,437.84,15.36,6.4,0,16.83,88.53719999999998
2025-08-12 23:09:38,437.84,15.36,6.4,0,16.83,88.53719999999998
2025-08-12 23:09:48,402.0,17.92,1.8,0,16.83,88.53719999999998
2025-08-12 23:09:58,407.12,17.92,2.8,0,16.83,88.53719999999998
2025-08-12 23:10:08,407.12,17.92,0.8,0,16.83,88.53719999999998
2025-08-12 23:10:18,425.04,15.36,8.4,0,16.84,88.53719999999998
2025-08-12 23:10:28,430.16,15.36,6.4,0,16.84,88.53719999999998
2025-08-12 23:10:39,430.16,15.36,6.4,0,16.84,88.53719999999998
2025-08-12 23:10:49,419.92,15.36,24.4,0,16.84,88.53719999999998
2025-08-12 23:11:26,417.36,17.92,18.8,0,16.84,88.53719999999998
2025-08-12 23:11:36,427.6,17.92,7.8,0,16.84,88.53719999999998
2025-08-12 23:11:46,425.04,17.92,7.8,0,16.84,88.53719999999998
2025-08-12 23:11:56,425.04,17.92,0.8,0,16.84,88.53719999999998
2025-08-12 23:12:07,417.36,17.92,17.8,0,16.84,88.53719999999998
2025-08-12 23:12:17,422.48,17.92,1.8,0,16.84,88.53719999999998
2025-08-12 23:12:27,414.8,15.36,21.4,0,16.84,88.53719999999998
2025-08-12 23:12:37,435.28,15.36,18.4,0,16.85,88.53719999999998
2025-08-12 23:12:47,425.04,17.92,10.8,0,16.85,88.53719999999998
2025-08-12 23:12:57,407.12,17.92,23.8,0,16.85,88.53719999999998
2025-08-12 23:13:07,419.92,17.92,18.8,0,16.85,88.53719999999998
2025-08-12 23:13:17,419.92,15.36,6.4,0,16.85,88.53719999999998
2025-08-12 23:13:28,427.6,12.8,23.0,0,16.85,88.53719999999998
2025-08-12 23:13:38,409.68,15.36,9.4,0,16.85,88.53719999999998
2025-08-12 23:13:48,417.36,15.36,9.4,0,16.85,88.53719999999998
2025-08-12 23:13:58,404.56,15.36,7.4,0,16.85,88.53719999999998
2025-08-12 23:14:08,389.2,15.36,10.4,0,16.85,88.53719999999998
2025-08-12 23:14:19,407.12,15.36,8.4,0,16.85,88.53719999999998
2025-08-12 23:14:29,440.4,15.36,9.4,0,16.85,88.53719999999998
2025-08-12 23:14:39,432.72,15.36,10.4,0,16.85,88.53719999999998
2025-08-12 23:14:49,432.72,15.36,7.4,0,16.85,88.53719999999998
2025-08-12 23:14:59,440.4,15.36,7.4,0,16.85,88.53719999999998
2025-08-12 23:15:09,445.52,15.36,2.4,0,16.86,88.53719999999998
2025-08-12 23:15:19,432.72,15.36,5.4,0,16.86,88.53719999999998
2025-08-12 23:15:29,422.48,15.36,10.4,0,16.86,88.53719999999998
2025-08-12 23:15:39,440.4,15.36,5.4,0,16.86,88.53719999999998
2025-08-12 23:15:49,430.16,15.36,7.4,0,16.86,88.53719999999998
2025-08-12 23:16:00,432.72,15.36,4.4,0,16.86,88.53719999999998
2025-08-12 23:16:10,435.28,15.36,3.4,0,16.86,88.53719999999998
2025-08-12 23:16:20,435.28,15.36,3.4,0,16.86,88.53719999999998
2025-08-12 23:16:30,430.16,15.36,8.4,0,16.86,88.53719999999998
2025-08-12 23:16:40,435.28,15.36,2.4,0,16.86,88.53719999999998
2025-08-12 23:16:50,432.72,15.36,7.4,0,16.86,88.53719999999998
2025-08-12 23:17:00,432.72,15.36,2.4,0,16.86,88.53719999999998
2025-08-12 23:17:10,427.6,15.36,6.4,0,16.86,88.53719999999998
2025-08-12 23:17:20,419.92,15.36,5.4,0,16.86,88.53719999999998
2025-08-12 23:17:31,409.68,15.36,4.4,0,16.86,88.53719999999998
2025-08-12 23:17:41,427.6,15.36,5.4,0,16.86,88.53719999999998
2025-08-12 23:17:51,427.6,15.36,5.4,0,16.87,88.53719999999998
2025-08-12 23:18:01,414.8,15.36,7.4,0,16.87,88.53719999999998
2025-08-12 23:18:11,417.36,15.36,6.4,0,16.87,88.53719999999998
2025-08-12 23:18:21,427.6,15.36,6.4,0,16.87,88.53719999999998
2025-08-12 23:18:31,417.36,15.36,7.4,0,16.87,88.53719999999998
2025-08-12 23:18:41,417.36,15.36,6.4,0,16.87,88.53719999999998
2025-08-12 23:18:52,402.0,15.36,11.4,0,16.87,88.53719999999998
2025-08-12 23:19:02,404.56,15.36,8.4,0,16.87,88.53719999999998
2025-08-12 23:19:12,407.12,15.36,7.4,0,16.87,88.53719999999998
2025-08-12 23:19:22,394.32,15.36,7.4,0,16.87,88.53719999999998
2025-08-12 23:19:32,399.44,15.36,8.4,0,16.87,88.53719999999998
2025-08-12 23:19:42,399.44,15.36,6.4,0,16.87,88.53719999999998
2025-08-12 23:19:52,396.88,15.36,7.4,0,16.87,88.53719999999998
2025-08-12 23:20:02,402.0,15.36,8.4,0,16.87,88.53719999999998
2025-08-12 23:20:13,404.56,15.36,7.4,0,16.87,88.53719999999998
2025-08-12 23:20:23,417.36,17.92,20.8,0,16.88,88.53719999999998
2025-08-12 23:20:33,412.24,17.92,20.8,0,16.88,88.53719999999998
2025-08-12 23:20:43,412.24,17.92,18.8,0,16.88,88.53719999999998
2025-08-12 23:20:53,407.12,17.92,18.8,0,16.88,88.53719999999998
2025-08-12 23:21:03,404.56,23.04,4.6,0,16.88,88.53719999999998
2025-08-12 23:21:13,407.12,23.04,7.6,0,16.88,88.53719999999998
2025-08-12 23:21:24,404.56,23.04,5.6,0,16.88,88.53719999999998
2025-08-12 23:21:34,402.0,23.04,4.6,0,16.88,88.53719999999998
2025-08-12 23:21:44,396.88,23.04,2.6,0,16.88,88.53719999999998
2025-08-12 23:21:54,396.88,23.04,0.6,0,16.88,88.53719999999998
2025-08-12 23:22:04,399.44,20.48,25.2,0,16.88,88.53719999999998
2025-08-12 23:22:14,399.44,23.04,0.6,0,16.89,88.53719999999998
2025-08-12 23:22:24,402.0,23.04,18.6,0,16.89,88.53719999999998
2025-08-12 23:22:34,417.36,23.04,19.6,0,16.89,88.53719999999998
2025-08-12 23:22:45,407.12,23.04,19.6,0,16.89,88.53719999999998
2025-08-12 23:22:55,404.56,23.04,20.6,0,16.89,88.53719999999998
2025-08-12 23:23:05,414.8,23.04,22.6,0,16.89,88.53719999999998
2025-08-12 23:23:15,412.24,23.04,21.6,0,16.89,88.53719999999998
2025-08-12 23:23:25,394.32,23.04,21.6,0,16.89,88.53719999999998
2025-08-12 23:23:35,407.12,23.04,19.6,0,16.9,88.53719999999998
2025-08-12 23:23:45,407.12,23.04,19.6,0,16.9,88.53719999999998
2025-08-12 23:23:56,409.68,23.04,20.6,0,16.9,88.53719999999998
2025-08-12 23:24:06,381.52,23.04,23.6,0,16.9,88.53719999999998
2025-08-12 23:24:16,378.96,23.04,23.6,0,16.9,88.53719999999998
2025-08-12 23:24:26,389.2,25.6,0.0,0,16.9,88.53719999999998
2025-08-12 23:24:36,389.2,23.04,24.6,0,16.9,88.53719999999998
2025-08-12 23:24:46,389.2,23.04,22.6,0,16.9,88.53719999999998
2025-08-12 23:24:56,399.44,23.04,17.6,0,16.9,88.53719999999998
2025-08-12 23:25:06,417.36,23.04,5.6,0,16.91,88.53719999999998
2025-08-12 23:25:17,407.12,23.04,21.6,0,16.91,88.53719999999998
2025-08-12 23:25:27,386.64,23.04,23.6,0,16.91,88.53719999999998
2025-08-12 23:25:37,389.2,23.04,23.6,0,16.91,88.53719999999998
2025-08-12 23:25:47,373.84,23.04,16.6,0,16.91,88.53719999999998
2025-08-12 23:25:57,386.64,23.04,3.6,0,16.91,88.53719999999998
2025-08-12 23:26:07,381.52,23.04,4.6,0,16.91,88.53719999999998
2025-08-12 23:26:17,384.08,23.04,3.6,0,16.91,88.53719999999998
2025-08-12 23:26:27,384.08,23.04,3.6,0,16.91,88.53719999999998
2025-08-12 23:26:37,389.2,23.04,3.6,0,16.92,88.53719999999998
2025-08-12 23:26:48,381.52,23.04,4.6,0,16.92,88.53719999999998
2025-08-12 23:26:58,394.32,23.04,3.6,0,16.92,88.53719999999998
2025-08-12 23:27:08,389.2,23.04,6.6,0,16.92,88.53719999999998
2025-08-12 23:27:18,394.32,23.04,4.6,0,16.92,88.53719999999998
2025-08-12 23:27:28,389.2,23.04,7.6,0,16.92,88.53719999999998
2025-08-12 23:27:38,391.76,23.04,2.6,0,16.92,88.53719999999998
2025-08-12 23:27:48,391.76,23.04,5.6,0,16.92,88.53719999999998
2025-08-12 23:27:58,402.0,23.04,5.6,0,16.92,88.53719999999998
2025-08-12 23:28:08,399.44,23.04,1.6,0,16.93,88.53719999999998
2025-08-12 23:28:18,399.44,23.04,0.6,0,16.93,88.53719999999998
2025-08-12 23:28:29,394.32,23.04,1.6,0,16.93,88.53719999999998
2025-08-12 23:28:39,389.2,23.04,0.6,0,16.93,88.53719999999998
2025-08-12 23:28:49,391.76,23.04,0.6,0,16.93,88.53719999999998
2025-08-12 23:28:59,391.76,20.48,16.2,0,16.93,88.53719999999998
2025-08-12 23:29:09,412.24,17.92,23.8,0,16.93,88.53719999999998
2025-08-12 23:29:19,361.04,17.92,15.8,0,16.93,88.53719999999998
2025-08-12 23:29:29,371.28,17.92,15.8,0,16.93,88.53719999999998
2025-08-12 23:29:39,361.04,17.92,17.8,0,16.93,88.53719999999998
2025-08-12 23:29:49,368.72,17.92,15.8,0,16.94,88.53719999999998
2025-08-12 23:29:59,371.28,17.92,15.8,0,16.94,88.53719999999998
2025-08-12 23:30:10,376.4,12.8,13.0,0,16.94,88.53719999999998
2025-08-12 23:30:20,378.96,12.8,12.0,0,16.94,88.53719999999998
2025-08-12 23:30:30,373.84,12.8,12.0,0,16.94,88.53719999999998
2025-08-12 23:30:40,381.52,12.8,13.0,0,16.94,88.53719999999998
2025-08-12 23:30:50,376.4,12.8,12.0,0,16.94,88.53719999999998
2025-08-12 23:31:00,373.84,12.8,12.0,0,16.94,88.53719999999998
2025-08-12 23:31:10,381.52,15.36,3.4,0,16.94,88.53719999999998
2025-08-12 23:31:20,373.84,15.36,0.4,0,16.94,88.53719999999998
2025-08-12 23:31:31,376.4,15.36,0.4,0,16.94,88.53719999999998
2025-08-12 23:31:41,386.64,12.8,25.0,0,16.94,88.53719999999998
2025-08-12 23:31:51,386.64,15.36,0.4,0,16.94,88.53719999999998
2025-08-12 23:32:01,389.2,15.36,0.4,0,16.95,88.53719999999998
2025-08-12 23:32:11,381.52,15.36,0.4,0,16.95,88.53719999999998
2025-08-12 23:32:21,384.08,15.36,0.4,0,16.95,88.53719999999998
2025-08-12 23:32:31,386.64,15.36,0.4,0,16.95,88.53719999999998
2025-08-12 23:32:41,391.76,15.36,0.4,0,16.95,88.53719999999998
2025-08-12 23:32:51,391.76,15.36,0.4,0,16.95,88.53719999999998
2025-08-12 23:33:02,396.88,12.8,18.0,0,16.95,88.53719999999998
2025-08-12 23:33:12,404.56,15.36,0.4,0,16.95,88.53719999999998
2025-08-12 23:33:22,404.56,15.36,0.4,0,16.95,88.53719999999998
2025-08-12 23:33:32,407.12,12.8,25.0,0,16.95,88.53719999999998
2025-08-12 23:33:42,407.12,12.8,25.0,0,16.95,88.53719999999998
2025-08-12 23:33:52,384.08,15.36,0.4,0,16.95,88.53719999999998
2025-08-12 23:34:02,373.84,15.36,0.4,0,16.95,88.53719999999998
2025-08-12 23:34:12,376.4,15.36,0.4,0,16.96,88.53719999999998
2025-08-12 23:34:22,368.72,12.8,25.0,0,16.96,88.53719999999998
2025-08-12 23:34:32,371.28,10.24,18.6,0,16.96,88.53719999999998
2025-08-12 23:34:43,371.28,10.24,20.6,0,16.96,88.53719999999998
2025-08-12 23:34:53,378.96,10.24,19.6,0,16.96,88.53719999999998
2025-08-12 23:35:03,376.4,10.24,19.6,0,16.96,88.53719999999998
2025-08-12 23:35:13,378.96,10.24,19.6,0,16.96,88.53719999999998
2025-08-12 23:35:23,371.28,10.24,20.6,0,16.96,88.53719999999998
2025-08-12 23:35:33,366.16,10.24,20.6,0,16.96,88.53719999999998
2025-08-12 23:35:43,368.72,10.24,19.6,0,16.96,88.53719999999998
2025-08-12 23:35:54,361.04,10.24,19.6,0,16.96,88.53719999999998
2025-08-12 23:36:04,363.6,10.24,19.6,0,16.96,88.53719999999998
2025-08-12 23:36:14,363.6,10.24,19.6,0,16.96,88.53719999999998
2025-08-12 23:36:24,373.84,10.24,19.6,0,16.96,88.53719999999998
2025-08-12 23:36:34,368.72,10.24,20.6,0,16.97,88.53719999999998
2025-08-12 23:36:44,376.4,10.24,19.6,0,16.97,88.53719999999998
2025-08-12 23:36:54,373.84,10.24,19.6,0,16.97,88.53719999999998
2025-08-12 23:37:04,384.08,10.24,19.6,0,16.97,88.53719999999998
2025-08-12 23:37:15,381.52,10.24,19.6,0,16.97,88.53719999999998
2025-08-12 23:37:25,381.52,10.24,19.6,0,16.97,88.53719999999998
2025-08-12 23:37:35,391.76,10.24,19.6,0,16.97,88.53719999999998
2025-08-12 23:37:45,391.76,10.24,18.6,0,16.97,88.53719999999998
2025-08-12 23:37:56,394.32,10.24,18.6,0,16.97,88.53719999999998
2025-08-12 23:38:06,389.2,10.24,19.6,0,16.97,88.53719999999998
2025-08-12 23:38:17,386.64,10.24,18.6,0,16.97,88.53719999999998
2025-08-12 23:38:27,409.68,10.24,18.6,0,16.97,88.53719999999998
2025-08-12 23:38:37,407.12,10.24,18.6,0,16.97,88.53719999999998
2025-08-12 23:38:47,409.68,10.24,18.6,0,16.97,88.53719999999998
2025-08-12 23:38:58,407.12,10.24,18.6,0,16.97,88.53719999999998
2025-08-12 23:39:08,399.44,10.24,18.6,0,16.98,88.53719999999998
2025-08-12 23:39:18,407.12,10.24,18.6,0,16.98,88.53719999999998
2025-08-12 23:39:28,389.2,10.24,18.6,0,16.98,88.53719999999998
2025-08-12 23:39:39,394.32,10.24,16.6,0,16.98,88.53719999999998
2025-08-12 23:39:49,412.24,10.24,14.6,0,16.98,88.53719999999998
2025-08-12 23:39:59,407.12,10.24,13.6,0,16.98,88.53719999999998
2025-08-12 23:40:09,427.6,10.24,13.6,0,16.98,88.53719999999998
2025-08-12 23:40:19,404.56,10.24,13.6,0,16.98,88.53719999999998
2025-08-12 23:40:29,371.28,10.24,14.6,0,16.98,88.53719999999998
2025-08-12 23:40:40,399.44,10.24,13.6,0,16.98,88.53719999999998
2025-08-12 23:40:50,345.68,10.24,15.6,0,16.98,88.53719999999998
2025-08-12 23:41:00,378.96,10.24,16.6,0,16.98,88.53719999999998
2025-08-12 23:41:10,384.08,10.24,16.6,0,16.98,88.53719999999998
2025-08-12 23:41:20,386.64,10.24,16.6,0,16.98,88.53719999999998
2025-08-12 23:41:30,322.64,10.24,16.6,0,16.99,88.53719999999998
2025-08-12 23:41:40,353.36,10.24,16.6,0,16.99,88.53719999999998
2025-08-12 23:41:50,353.36,10.24,16.6,0,16.99,88.53719999999998
2025-08-12 23:42:01,325.2,10.24,17.6,0,16.99,88.53719999999998
2025-08-12 23:42:11,322.64,10.24,17.6,0,16.99,88.53719999999998
2025-08-12 23:42:21,327.76,10.24,18.6,0,16.99,88.53719999999998
2025-08-12 23:42:31,338.0,10.24,19.6,0,16.99,88.53719999999998
2025-08-12 23:42:41,294.48,10.24,18.6,0,16.99,88.53719999999998
2025-08-12 23:42:51,340.56,10.24,16.6,0,16.99,88.53719999999998
2025-08-12 23:43:01,371.28,10.24,18.6,0,16.99,88.53719999999998
2025-08-12 23:43:12,376.4,10.24,18.6,0,16.99,88.53719999999998
2025-08-12 23:43:22,389.2,10.24,16.6,0,16.99,88.53719999999998
2025-08-12 23:43:32,394.32,10.24,17.6,0,16.99,88.53719999999998
2025-08-12 23:43:42,378.96,10.24,17.6,0,16.99,88.53719999999998
2025-08-12 23:43:52,384.08,10.24,18.6,0,16.99,88.53719999999998
2025-08-12 23:44:02,417.36,10.24,15.6,0,17.0,88.53719999999998
2025-08-12 23:44:12,414.8,10.24,15.6,0,17.0,88.53719999999998
2025-08-12 23:44:22,419.92,10.24,15.6,0,17.0,88.53719999999998
2025-08-12 23:44:32,417.36,10.24,15.6,0,17.0,88.53719999999998
2025-08-12 23:44:42,409.68,10.24,16.6,0,17.0,88.53719999999998
2025-08-12 23:44:53,404.56,10.24,17.6,0,17.0,88.53719999999998
2025-08-12 23:45:03,389.2,10.24,18.6,0,17.0,88.53719999999998
2025-08-12 23:45:13,394.32,10.24,15.6,0,17.0,88.53719999999998
2025-08-12 23:45:23,389.2,10.24,16.6,0,17.0,88.53719999999998
2025-08-12 23:45:33,409.68,10.24,15.6,0,17.0,88.53719999999998
2025-08-12 23:45:44,414.8,10.24,15.6,0,17.0,88.53719999999998
2025-08-12 23:45:54,345.68,10.24,16.6,0,17.0,88.53719999999998
2025-08-12 23:46:04,350.8,10.24,15.6,0,17.0,88.53719999999998
2025-08-12 23:46:15,396.88,10.24,15.6,0,17.0,88.53719999999998
2025-08-12 23:46:25,409.68,10.24,15.6,0,17.01,88.53719999999998
2025-08-12 23:46:35,384.08,10.24,17.6,0,17.01,88.53719999999998
2025-08-12 23:46:45,394.32,10.24,15.6,0,17.01,88.53719999999998
2025-08-12 23:46:55,353.36,10.24,15.6,0,17.01,88.53719999999998
2025-08-12 23:47:06,404.56,10.24,17.6,0,17.01,88.53719999999998
2025-08-12 23:47:16,368.72,10.24,14.6,0,17.01,88.53719999999998
2025-08-12 23:47:26,376.4,10.24,15.6,0,17.01,88.53719999999998
2025-08-12 23:47:36,376.4,10.24,14.6,0,17.01,88.53719999999998
2025-08-12 23:47:47,399.44,10.24,18.6,0,17.01,88.53719999999998
2025-08-12 23:47:57,371.28,10.24,15.6,0,17.01,88.53719999999998
2025-08-12 23:48:07,361.04,10.24,15.6,0,17.01,88.53719999999998
2025-08-12 23:48:17,425.04,10.24,14.6,0,17.01,88.53719999999998
2025-08-12 23:48:27,363.6,10.24,15.6,0,17.01,88.53719999999998
2025-08-12 23:48:38,366.16,10.24,16.6,0,17.01,88.53719999999998
2025-08-12 23:48:48,376.4,10.24,15.6,0,17.02,88.53719999999998
2025-08-12 23:48:58,417.36,10.24,15.6,0,17.02,88.53719999999998
2025-08-12 23:49:09,427.6,10.24,15.6,0,17.02,88.53719999999998
2025-08-12 23:49:19,422.48,10.24,15.6,0,17.02,88.53719999999998
2025-08-12 23:49:29,425.04,5.12,21.8,0,17.02,88.53719999999998
2025-08-12 23:49:39,427.6,5.12,21.8,0,17.02,88.53719999999998
2025-08-12 23:49:50,414.8,5.12,21.8,0,17.02,88.53719999999998
2025-08-12 23:50:00,419.92,5.12,20.8,0,17.02,88.53719999999998
2025-08-12 23:50:10,409.68,5.12,21.8,0,17.02,88.53719999999998
2025-08-12 23:50:20,414.8,5.12,21.8,0,17.02,88.53719999999998
2025-08-12 23:50:31,409.68,5.12,21.8,0,17.02,88.53719999999998
2025-08-12 23:50:41,363.6,7.68,0.2,0,17.02,88.53719999999998
2025-08-12 23:50:51,358.48,5.12,21.8,0,17.02,88.53719999999998
2025-08-12 23:51:01,338.0,5.12,20.8,0,17.02,88.53719999999998
2025-08-12 23:51:12,366.16,7.68,0.2,0,17.02,88.53719999999998
2025-08-12 23:51:22,343.12,5.12,20.8,0,17.02,88.53719999999998
2025-08-12 23:51:32,368.72,7.68,0.2,0,17.02,88.53719999999998
2025-08-12 23:51:42,386.64,5.12,22.8,0,17.02,88.53719999999998
2025-08-12 23:51:52,412.24,5.12,20.8,0,17.02,88.53719999999998
2025-08-12 23:52:03,417.36,5.12,20.8,0,17.02,88.53719999999998
2025-08-12 23:52:13,419.92,5.12,20.8,0,17.02,88.53719999999998
2025-08-12 23:52:23,386.64,5.12,20.8,0,17.02,88.53719999999998
2025-08-12 23:52:33,361.04,5.12,24.8,0,17.02,88.53719999999998
2025-08-12 23:52:44,394.32,5.12,20.8,0,17.03,88.53719999999998
2025-08-12 23:52:54,381.52,5.12,20.8,0,17.03,88.53719999999998
2025-08-12 23:53:04,396.88,5.12,20.8,0,17.03,88.53719999999998
2025-08-12 23:53:15,407.12,5.12,20.8,0,17.03,88.53719999999998
2025-08-12 23:53:25,412.24,5.12,20.8,0,17.03,88.53719999999998
2025-08-12 23:53:35,414.8,5.12,20.8,0,17.03,88.53719999999998
2025-08-12 23:53:45,412.24,5.12,19.8,0,17.03,88.53719999999998
2025-08-12 23:53:55,396.88,5.12,20.8,0,17.03,88.53719999999998
2025-08-12 23:54:06,402.0,5.12,20.8,0,17.03,88.53719999999998
2025-08-12 23:54:16,399.44,5.12,20.8,0,17.03,88.53719999999998
2025-08-12 23:54:26,396.88,5.12,19.8,0,17.03,88.53719999999998
2025-08-12 23:54:36,399.44,5.12,19.8,0,17.03,88.53719999999998
2025-08-12 23:54:47,355.92,5.12,20.8,0,17.03,88.53719999999998
2025-08-12 23:54:58,345.68,5.12,20.8,0,17.03,88.53719999999998
2025-08-12 23:55:08,355.92,5.12,19.8,0,17.03,88.53719999999998
2025-08-12 23:55:18,386.64,5.12,19.8,0,17.03,88.53719999999998
2025-08-12 23:55:28,376.4,5.12,19.8,0,17.03,88.53719999999998
2025-08-12 23:55:38,373.84,5.12,19.8,0,17.03,88.53719999999998
2025-08-12 23:55:49,371.28,5.12,20.8,0,17.03,88.53719999999998
2025-08-12 23:55:59,373.84,5.12,20.8,0,17.03,88.53719999999998
2025-08-12 23:56:09,381.52,5.12,20.8,0,17.03,88.53719999999998
2025-08-12 23:56:19,381.52,5.12,20.8,0,17.03,88.53719999999998
2025-08-12 23:56:29,353.36,5.12,20.8,0,17.03,88.53719999999998
2025-08-12 23:56:39,373.84,5.12,20.8,0,17.03,88.53719999999998
2025-08-12 23:56:49,391.76,5.12,20.8,0,17.03,88.53719999999998
2025-08-12 23:56:59,373.84,5.12,19.8,0,17.03,88.53719999999998
2025-08-12 23:57:10,363.6,5.12,19.8,0,17.03,88.53719999999998
2025-08-12 23:57:20,368.72,5.12,21.8,0,17.03,88.53719999999998
2025-08-12 23:57:30,371.28,5.12,19.8,0,17.04,88.53719999999998
2025-08-12 23:57:40,386.64,5.12,20.8,0,17.04,88.53719999999998
2025-08-12 23:57:50,381.52,5.12,19.8,0,17.04,88.53719999999998
2025-08-12 23:58:00,371.28,5.12,20.8,0,17.04,88.53719999999998
2025-08-12 23:58:10,366.16,5.12,20.8,0,17.04,88.53719999999998
2025-08-12 23:58:20,355.92,5.12,19.8,0,17.04,88.53719999999998
2025-08-12 23:58:30,358.48,5.12,20.8,0,17.04,88.53719999999998
2025-08-12 23:58:41,340.56,5.12,20.8,0,17.04,88.53719999999998
2025-08-12 23:58:51,350.8,5.12,21.8,0,17.04,88.53719999999998
2025-08-12 23:59:01,358.48,5.12,20.8,0,17.04,88.53719999999998
2025-08-12 23:59:12,366.16,5.12,20.8,0,17.04,88.53719999999998
2025-08-12 23:59:22,363.6,5.12,20.8,0,17.04,88.53719999999998
2025-08-12 23:59:32,363.6,5.12,3.8,0,17.04,88.53719999999998
2025-08-12 23:59:42,355.92,5.12,3.8,0,17.04,88.53719999999998
2025-08-12 23:59:52,332.88,5.12,9.8,0,17.04,88.53719999999998
2025-08-13 00:00:03,317.52,5.12,10.8,0,17.04,88.53719999999998
2025-08-13 00:00:13,302.16,5.12,9.8,0,17.04,88.53719999999998
2025-08-13 00:00:23,325.2,5.12,9.8,0,17.04,88.53719999999998
2025-08-13 00:00:34,314.96,5.12,4.8,0,17.04,88.53719999999998
2025-08-13 00:00:44,314.96,5.12,10.8,0,17.04,88.53719999999998
2025-08-13 00:00:54,330.32,5.12,9.8,0,17.04,88.53719999999998
2025-08-13 00:01:04,325.2,5.12,11.8,0,17.04,88.53719999999998
2025-08-13 00:01:15,345.68,5.12,11.8,0,17.04,88.53719999999998
2025-08-13 00:01:25,371.28,5.12,10.8,0,17.04,88.53719999999998
2025-08-13 00:01:35,368.72,5.12,9.8,0,17.04,88.53719999999998
2025-08-13 00:01:45,384.08,5.12,4.8,0,17.04,88.53719999999998
2025-08-13 00:01:55,376.4,5.12,3.8,0,17.04,88.53719999999998
2025-08-13 00:02:05,363.6,5.12,9.8,0,17.04,88.53719999999998
2025-08-13 00:02:16,353.36,5.12,9.8,0,17.04,88.53719999999998
2025-08-13 00:02:26,361.04,5.12,9.8,0,17.04,88.53719999999998
2025-08-13 00:02:36,358.48,5.12,10.8,0,17.04,88.53719999999998
2025-08-13 00:02:47,386.64,5.12,11.8,0,17.04,88.53719999999998
2025-08-13 00:02:57,399.44,5.12,5.8,0,17.04,88.53719999999998
2025-08-13 00:03:07,373.84,5.12,10.8,0,17.04,88.53719999999998
2025-08-13 00:03:17,378.96,5.12,11.8,0,17.04,88.53719999999998
2025-08-13 00:03:27,373.84,5.12,12.8,0,17.05,88.53719999999998
2025-08-13 00:03:38,363.6,5.12,12.8,0,17.05,88.53719999999998
2025-08-13 00:03:48,373.84,5.12,10.8,0,17.05,88.53719999999998
2025-08-13 00:03:58,345.68,5.12,7.8,0,17.05,88.53719999999998
2025-08-13 00:04:08,350.8,5.12,6.8,0,17.05,88.53719999999998
2025-08-13 00:04:19,350.8,5.12,9.8,0,17.05,88.53719999999998
2025-08-13 00:04:29,343.12,5.12,4.8,0,17.05,88.53719999999998
2025-08-13 00:04:39,343.12,10.24,4.6,0,17.05,88.53719999999998
2025-08-13 00:04:49,350.8,10.24,3.6,0,17.05,88.53719999999998
2025-08-13 00:05:00,363.6,7.68,25.2,0,17.05,88.53719999999998
2025-08-13 00:05:10,355.92,7.68,21.2,0,17.05,88.53719999999998
2025-08-13 00:05:20,366.16,7.68,21.2,0,17.05,88.53719999999998
2025-08-13 00:05:30,361.04,7.68,0.2,0,17.05,88.53719999999998
2025-08-13 00:05:41,366.16,5.12,23.8,0,17.05,88.53719999999998
2025-08-13 00:05:51,350.8,5.12,23.8,0,17.05,88.53719999999998
2025-08-13 00:06:01,361.04,5.12,24.8,0,17.05,88.53719999999998
2025-08-13 00:06:11,363.6,5.12,24.8,0,17.05,88.53719999999998
2025-08-13 00:06:21,368.72,5.12,24.8,0,17.05,88.53719999999998
2025-08-13 00:06:32,353.36,7.68,0.2,0,17.05,88.53719999999998
2025-08-13 00:06:42,361.04,7.68,0.2,0,17.05,88.53719999999998
2025-08-13 00:06:52,366.16,5.12,24.8,0,17.05,88.53719999999998
2025-08-13 00:07:03,363.6,7.68,0.2,0,17.05,88.53719999999998
2025-08-13 00:07:13,366.16,7.68,0.2,0,17.05,88.53719999999998
2025-08-13 00:07:23,353.36,5.12,24.8,0,17.05,88.53719999999998
2025-08-13 00:07:33,353.36,5.12,23.8,0,17.05,88.53719999999998
2025-08-13 00:07:44,338.0,5.12,23.8,0,17.06,88.53719999999998
2025-08-13 00:07:54,340.56,5.12,22.8,0,17.06,88.53719999999998
2025-08-13 00:08:04,355.92,5.12,23.8,0,17.06,88.53719999999998
2025-08-13 00:08:14,353.36,5.12,23.8,0,17.06,88.53719999999998
2025-08-13 00:08:25,355.92,5.12,23.8,0,17.06,88.53719999999998
2025-08-13 00:08:35,363.6,5.12,23.8,0,17.06,88.53719999999998
2025-08-13 00:08:45,371.28,5.12,23.8,0,17.06,88.53719999999998
2025-08-13 00:08:56,363.6,5.12,23.8,0,17.06,88.53719999999998
2025-08-13 00:09:06,373.84,5.12,22.8,0,17.06,88.53719999999998
2025-08-13 00:09:16,373.84,5.12,22.8,0,17.06,88.53719999999998
2025-08-13 00:09:26,371.28,5.12,22.8,0,17.06,88.53719999999998
2025-08-13 00:09:37,355.92,5.12,23.8,0,17.06,88.53719999999998
2025-08-13 00:09:47,368.72,5.12,23.8,0,17.06,88.53719999999998
2025-08-13 00:09:57,358.48,5.12,24.8,0,17.06,88.53719999999998
2025-08-13 00:10:08,353.36,5.12,23.8,0,17.06,88.53719999999998
2025-08-13 00:10:18,338.0,5.12,24.8,0,17.06,88.53719999999998
2025-08-13 00:10:28,345.68,5.12,24.8,0,17.06,88.53719999999998
2025-08-13 00:10:38,350.8,5.12,24.8,0,17.06,88.53719999999998
2025-08-13 00:10:49,338.0,7.68,0.2,0,17.06,88.53719999999998
2025-08-13 00:10:59,343.12,5.12,24.8,0,17.06,88.53719999999998
2025-08-13 00:11:09,353.36,10.24,11.6,0,17.06,88.53719999999998
2025-08-13 00:11:19,358.48,10.24,9.6,0,17.07,88.53719999999998
2025-08-13 00:11:30,361.04,10.24,8.6,0,17.07,88.53719999999998
2025-08-13 00:11:40,355.92,10.24,7.6,0,17.07,88.53719999999998
2025-08-13 00:11:50,358.48,10.24,9.6,0,17.07,88.53719999999998
2025-08-13 00:12:00,363.6,10.24,8.6,0,17.07,88.53719999999998
2025-08-13 00:12:10,353.36,10.24,1.6,0,17.07,88.53719999999998
2025-08-13 00:12:20,361.04,10.24,5.6,0,17.07,88.53719999999998
2025-08-13 00:12:31,363.6,10.24,5.6,0,17.07,88.53719999999998
2025-08-13 00:12:41,371.28,10.24,3.6,0,17.07,88.53719999999998
2025-08-13 00:12:51,373.84,10.24,3.6,0,17.07,88.53719999999998
2025-08-13 00:13:01,373.84,10.24,2.6,0,17.07,88.53719999999998
2025-08-13 00:13:11,361.04,10.24,8.6,0,17.07,88.53719999999998
2025-08-13 00:13:21,358.48,10.24,10.6,0,17.07,88.53719999999998
2025-08-13 00:13:31,366.16,10.24,8.6,0,17.07,88.53719999999998
2025-08-13 00:13:41,366.16,10.24,7.6,0,17.07,88.53719999999998
2025-08-13 00:13:52,381.52,10.24,5.6,0,17.07,88.53719999999998
2025-08-13 00:14:02,361.04,7.68,25.2,0,17.07,88.53719999999998
2025-08-13 00:14:12,368.72,10.24,10.6,0,17.07,88.53719999999998
2025-08-13 00:14:22,376.4,10.24,5.6,0,17.08,88.53719999999998
2025-08-13 00:14:32,363.6,10.24,7.6,0,17.08,88.53719999999998
2025-08-13 00:14:42,368.72,10.24,6.6,0,17.08,88.53719999999998
2025-08-13 00:14:52,373.84,10.24,8.6,0,17.08,88.53719999999998
2025-08-13 00:15:03,373.84,10.24,10.6,0,17.08,88.53719999999998
2025-08-13 00:15:13,371.28,10.24,8.6,0,17.08,88.53719999999998
2025-08-13 00:15:23,381.52,10.24,8.6,0,17.08,88.53719999999998
2025-08-13 00:15:33,381.52,10.24,7.6,0,17.08,88.53719999999998
2025-08-13 00:15:43,381.52,10.24,8.6,0,17.08,88.53719999999998
2025-08-13 00:15:53,368.72,10.24,8.6,0,17.08,88.53719999999998
2025-08-13 00:16:03,368.72,10.24,8.6,0,17.08,88.53719999999998
2025-08-13 00:16:13,366.16,10.24,5.6,0,17.08,88.53719999999998
2025-08-13 00:16:23,353.36,10.24,4.6,0,17.08,88.53719999999998
2025-08-13 00:16:34,332.88,10.24,6.6,0,17.08,88.53719999999998
2025-08-13 00:16:44,330.32,10.24,7.6,0,17.08,88.53719999999998
2025-08-13 00:16:54,314.96,10.24,6.6,0,17.08,88.53719999999998
2025-08-13 00:17:04,325.2,10.24,4.6,0,17.08,88.53719999999998
2025-08-13 00:17:14,330.32,10.24,7.6,0,17.08,88.53719999999998
2025-08-13 00:17:24,332.88,10.24,7.6,0,17.09,88.53719999999998
2025-08-13 00:17:34,297.04,10.24,9.6,0,17.09,88.53719999999998
2025-08-13 00:17:44,289.36,10.24,7.6,0,17.09,88.53719999999998
2025-08-13 00:17:54,307.28,10.24,9.6,0,17.09,88.53719999999998
2025-08-13 00:18:05,317.52,10.24,7.6,0,17.09,88.53719999999998
2025-08-13 00:18:15,302.16,10.24,8.6,0,17.09,88.53719999999998
2025-08-13 00:18:25,314.96,10.24,10.6,0,17.09,88.53719999999998
2025-08-13 00:18:35,317.52,10.24,8.6,0,17.09,88.53719999999998
2025-08-13 00:18:45,304.72,10.24,8.6,0,17.09,88.53719999999998
2025-08-13 00:18:55,320.08,10.24,9.6,0,17.09,88.53719999999998
2025-08-13 00:19:05,327.76,10.24,23.6,0,17.09,88.53719999999998
2025-08-13 00:19:15,327.76,15.36,18.4,0,17.09,88.53719999999998
2025-08-13 00:19:26,348.24,15.36,17.4,0,17.09,88.53719999999998
2025-08-13 00:19:36,345.68,15.36,18.4,0,17.09,88.53719999999998
2025-08-13 00:19:46,343.12,15.36,19.4,0,17.09,88.53719999999998
2025-08-13 00:19:56,338.0,15.36,18.4,0,17.09,88.53719999999998
2025-08-13 00:20:06,338.0,15.36,18.4,0,17.1,88.53719999999998
2025-08-13 00:20:16,335.44,15.36,17.4,0,17.1,88.53719999999998
2025-08-13 00:20:26,332.88,15.36,18.4,0,17.1,88.53719999999998
2025-08-13 00:20:36,325.2,15.36,19.4,0,17.1,88.53719999999998
2025-08-13 00:20:46,309.84,15.36,19.4,0,17.1,88.53719999999998
2025-08-13 00:20:57,302.16,15.36,19.4,0,17.1,88.53719999999998
2025-08-13 00:21:07,309.84,15.36,16.4,0,17.1,88.53719999999998
2025-08-13 00:21:17,299.6,15.36,19.4,0,17.1,88.53719999999998
2025-08-13 00:21:27,297.04,15.36,18.4,0,17.1,88.53719999999998
2025-08-13 00:21:37,312.4,15.36,15.4,0,17.1,88.53719999999998
2025-08-13 00:21:47,322.64,15.36,17.4,0,17.1,88.53719999999998
2025-08-13 00:21:57,325.2,15.36,14.4,0,17.1,88.53719999999998
2025-08-13 00:22:07,320.08,12.8,25.0,0,17.1,88.53719999999998
2025-08-13 00:22:18,322.64,15.36,16.4,0,17.11,88.53719999999998
2025-08-13 00:22:28,307.28,15.36,17.4,0,17.11,88.53719999999998
2025-08-13 00:22:38,327.76,15.36,17.4,0,17.11,88.53719999999998
2025-08-13 00:22:48,327.76,15.36,16.4,0,17.11,88.53719999999998
2025-08-13 00:22:58,325.2,15.36,16.4,0,17.11,88.53719999999998
2025-08-13 00:23:08,325.2,15.36,14.4,0,17.11,88.53719999999998
2025-08-13 00:23:18,340.56,15.36,16.4,0,17.11,88.53719999999998
2025-08-13 00:23:29,332.88,15.36,17.4,0,17.11,88.53719999999998
2025-08-13 00:23:39,332.88,15.36,17.4,0,17.11,88.53719999999998
2025-08-13 00:23:49,325.2,15.36,19.4,0,17.11,88.53719999999998
2025-08-13 00:23:59,330.32,15.36,17.4,0,17.11,88.53719999999998
2025-08-13 00:24:09,335.44,15.36,17.4,0,17.11,88.53719999999998
2025-08-13 00:24:19,332.88,15.36,15.4,0,17.11,88.53719999999998
2025-08-13 00:24:29,335.44,15.36,16.4,0,17.12,88.53719999999998
2025-08-13 00:24:39,338.0,15.36,17.4,0,17.12,88.53719999999998
2025-08-13 00:24:50,335.44,15.36,17.4,0,17.12,88.53719999999998
2025-08-13 00:25:00,335.44,15.36,16.4,0,17.12,88.53719999999998
2025-08-13 00:25:10,338.0,15.36,17.4,0,17.12,88.53719999999998
2025-08-13 00:25:20,332.88,12.8,14.0,0,17.12,88.53719999999998
2025-08-13 00:25:30,322.64,12.8,15.0,0,17.12,88.53719999999998
2025-08-13 00:25:40,312.4,12.8,14.0,0,17.12,88.53719999999998
2025-08-13 00:25:50,302.16,12.8,15.0,0,17.12,88.53719999999998
2025-08-13 00:26:01,304.72,12.8,15.0,0,17.12,88.53719999999998
2025-08-13 00:26:11,302.16,12.8,16.0,0,17.12,88.53719999999998
2025-08-13 00:26:21,312.4,12.8,11.0,0,17.12,88.53719999999998
2025-08-13 00:26:31,320.08,12.8,13.0,0,17.12,88.53719999999998
2025-08-13 00:26:41,299.6,12.8,12.0,0,17.12,88.53719999999998
2025-08-13 00:26:51,302.16,12.8,12.0,0,17.12,88.53719999999998
2025-08-13 00:27:01,317.52,12.8,15.0,0,17.12,88.53719999999998
2025-08-13 00:27:11,304.72,12.8,17.0,0,17.12,88.53719999999998
2025-08-13 00:27:21,302.16,12.8,16.0,0,17.12,88.53719999999998
2025-08-13 00:27:32,304.72,12.8,16.0,0,17.12,88.53719999999998
2025-08-13 00:27:42,304.72,12.8,17.0,0,17.12,88.53719999999998
2025-08-13 00:27:52,314.96,12.8,16.0,0,17.13,88.53719999999998
2025-08-13 00:28:02,320.08,10.24,23.6,0,17.13,88.53719999999998
2025-08-13 00:28:12,320.08,12.8,0.0,0,17.13,88.53719999999998
2025-08-13 00:28:22,307.28,12.8,3.0,0,17.13,88.53719999999998
2025-08-13 00:28:32,317.52,12.8,10.0,0,17.13,88.53719999999998
2025-08-13 00:28:43,322.64,10.24,23.6,0,17.13,88.53719999999998
2025-08-13 00:28:53,325.2,10.24,22.6,0,17.13,88.53719999999998
2025-08-13 00:29:03,322.64,12.8,2.0,0,17.13,88.53719999999998
2025-08-13 00:29:13,320.08,10.24,24.6,0,17.13,88.53719999999998
2025-08-13 00:29:23,320.08,12.8,14.0,0,17.13,88.53719999999998
2025-08-13 00:29:33,322.64,12.8,1.0,0,17.13,88.53719999999998
2025-08-13 00:29:43,322.64,12.8,0.0,0,17.13,88.53719999999998
2025-08-13 00:29:53,314.96,12.8,1.0,0,17.13,88.53719999999998
2025-08-13 00:30:04,327.76,12.8,1.0,0,17.13,88.53719999999998
